{
  "mapCollections": {
    "java": {
      "map": {
        "/Users/I570104/Documents/SAP Signavio/PqcMigration/Repos/Abstracted-Crypto-Usage/src/main/java/example/crypto/asymmetric/RsaCryptoExample.java": {
          "path": "/Users/I570104/Documents/SAP Signavio/PqcMigration/Repos/Abstracted-Crypto-Usage/src/main/java/example/crypto/asymmetric/RsaCryptoExample.java",
          "totalLinesOfCode": 58,
          "activeLinesOfCode": 50,
          "methodDefined": 3,
          "methodCalls": 14,
          "variables": 10
        },
        "/Users/I570104/Documents/SAP Signavio/PqcMigration/Repos/Abstracted-Crypto-Usage/src/main/java/example/crypto/hash/HashExamples.java": {
          "path": "/Users/I570104/Documents/SAP Signavio/PqcMigration/Repos/Abstracted-Crypto-Usage/src/main/java/example/crypto/hash/HashExamples.java",
          "totalLinesOfCode": 26,
          "activeLinesOfCode": 19,
          "methodDefined": 3,
          "methodCalls": 5,
          "variables": 5
        },
        "/Users/I570104/Documents/SAP Signavio/PqcMigration/Repos/Abstracted-Crypto-Usage/src/main/java/example/crypto/jwt/JwtExample.java": {
          "path": "/Users/I570104/Documents/SAP Signavio/PqcMigration/Repos/Abstracted-Crypto-Usage/src/main/java/example/crypto/jwt/JwtExample.java",
          "totalLinesOfCode": 144,
          "activeLinesOfCode": 88,
          "methodDefined": 4,
          "methodCalls": 40,
          "variables": 26
        },
        "/Users/I570104/Documents/SAP Signavio/PqcMigration/Repos/Abstracted-Crypto-Usage/src/main/java/example/crypto/keyderivation/Pbkdf2Example.java": {
          "path": "/Users/I570104/Documents/SAP Signavio/PqcMigration/Repos/Abstracted-Crypto-Usage/src/main/java/example/crypto/keyderivation/Pbkdf2Example.java",
          "totalLinesOfCode": 74,
          "activeLinesOfCode": 41,
          "methodDefined": 3,
          "methodCalls": 13,
          "variables": 13
        },
        "/Users/I570104/Documents/SAP Signavio/PqcMigration/Repos/Abstracted-Crypto-Usage/src/main/java/example/crypto/random/SecureRandomExample.java": {
          "path": "/Users/I570104/Documents/SAP Signavio/PqcMigration/Repos/Abstracted-Crypto-Usage/src/main/java/example/crypto/random/SecureRandomExample.java",
          "totalLinesOfCode": 24,
          "activeLinesOfCode": 13,
          "methodDefined": 2,
          "methodCalls": 4,
          "variables": 3
        },
        "/Users/I570104/Documents/SAP Signavio/PqcMigration/Repos/Abstracted-Crypto-Usage/src/main/java/example/crypto/signature/SignatureExample.java": {
          "path": "/Users/I570104/Documents/SAP Signavio/PqcMigration/Repos/Abstracted-Crypto-Usage/src/main/java/example/crypto/signature/SignatureExample.java",
          "totalLinesOfCode": 141,
          "activeLinesOfCode": 111,
          "methodDefined": 10,
          "methodCalls": 45,
          "variables": 31
        },
        "/Users/I570104/Documents/SAP Signavio/PqcMigration/Repos/Abstracted-Crypto-Usage/src/main/java/example/crypto/symmetric/AesEncryptionExample.java": {
          "path": "/Users/I570104/Documents/SAP Signavio/PqcMigration/Repos/Abstracted-Crypto-Usage/src/main/java/example/crypto/symmetric/AesEncryptionExample.java",
          "totalLinesOfCode": 84,
          "activeLinesOfCode": 62,
          "methodDefined": 6,
          "methodCalls": 27,
          "variables": 23
        },
        "/Users/I570104/Documents/SAP Signavio/PqcMigration/Repos/Abstracted-Crypto-Usage/src/main/java/example/crypto/tls/SslContextExample.java": {
          "path": "/Users/I570104/Documents/SAP Signavio/PqcMigration/Repos/Abstracted-Crypto-Usage/src/main/java/example/crypto/tls/SslContextExample.java",
          "totalLinesOfCode": 85,
          "activeLinesOfCode": 60,
          "methodDefined": 7,
          "methodCalls": 27,
          "variables": 11
        }
      }
    }
  }
}
